{"cameraMode":{"drawMode":0,"name":"Shaded","section":"Shading Mode"},"sceneLighting":false,"audioPlay":false,"sceneViewState":{"m_AlwaysRefresh":false,"showFog":true,"showSkybox":false,"showFlares":true,"showImageEffects":true,"showParticleSystems":true,"showVisualEffectGraphs":true,"m_FxEnabled":true},"in2DMode":false,"pivot":{"x":2.269005298614502,"y":0.8415666818618774,"z":3.2433524131774904},"rotation":{"x":0.02421443909406662,"y":0.7178357839584351,"z":-0.024997690692543985,"w":0.6953487992286682},"size":2.707411050796509,"orthographic":false}