{"cameraMode":{"drawMode":0,"name":"Shaded","section":"Shading Mode"},"sceneLighting":true,"audioPlay":false,"sceneViewState":{"m_AlwaysRefresh":false,"showFog":true,"showSkybox":true,"showFlares":true,"showImageEffects":true,"showParticleSystems":true,"showVisualEffectGraphs":true,"m_FxEnabled":true},"in2DMode":false,"pivot":{"x":-0.31740617752075198,"y":2.520110607147217,"z":5.2611589431762699},"rotation":{"x":0.023373903706669809,"y":-0.03897551819682121,"z":0.0010286724427714944,"w":0.9990174174308777},"size":5.922954082489014,"orthographic":true}